Wavelength,Intensity,Wavelength,Intensity,Wavelength,Intensity
764.42256,-3.33E-04,777.6067,0.00294,764.42256,-0.01352
764.46292,-2.47E-04,777.61538,0.00348,764.46292,-0.01668
764.50329,-4.14E-04,777.62405,0.00212,764.50329,0.00741
764.54365,-3.77E-04,777.63272,0.00265,764.54365,-0.02754
764.58402,-3.10E-04,777.6414,0.0018,764.58402,-0.03146
764.62438,-2.27E-04,777.65007,0.00204,764.62438,-0.01873
764.66475,-3.69E-04,777.65874,0.00202,764.66475,-0.04033
764.70511,-4.49E-04,777.66741,0.00186,764.70511,-0.01088
764.74548,-3.76E-04,777.67608,0.00147,764.74548,-0.01313
764.78584,-2.47E-04,777.68476,0.00144,764.78584,0.00603
764.8262,-1.90E-04,777.69343,8.89E-04,764.8262,-0.00604
764.86656,-2.11E-04,777.7021,8.33E-04,764.86656,0.03107
764.90693,-2.39E-04,777.71077,9.13E-04,764.90693,-0.01544
764.94729,-1.86E-04,777.71944,0.00133,764.94729,-0.01402
764.98765,-6.17E-05,777.72811,0.00132,764.98765,-0.00756
765.02801,-1.71E-04,777.73678,0.00128,765.02801,-0.01733
765.06837,-2.57E-04,777.74545,0.00175,765.06837,-0.0133
765.10873,-3.63E-04,777.75411,9.53E-04,765.10873,-0.00513
765.14909,-3.66E-04,777.76278,0.00122,765.14909,-0.02617
765.18945,-4.21E-04,777.77145,8.49E-04,765.18945,0.01565
765.22981,-4.10E-04,777.78012,0.0013,765.22981,-0.01495
765.27017,-4.36E-04,777.78879,0.00213,765.27017,-0.01744
765.31052,-2.74E-04,777.79745,0.00172,765.31052,-0.01631
765.35088,-2.68E-04,777.80612,0.00106,765.35088,-0.0072
765.39124,-8.83E-05,777.81479,9.61E-04,765.39124,0.00504
765.4316,-5.04E-06,777.82345,0.0016,765.4316,-0.0046
765.47195,1.83E-06,777.83212,3.43E-04,765.47195,-0.00612
765.51231,4.25E-05,777.84079,0.00107,765.51231,-0.02696
765.55267,-3.60E-06,777.84945,0.0014,765.55267,-0.01861
765.59302,-6.28E-05,777.85812,0.00136,765.59302,-0.01232
765.63338,-1.95E-04,777.86678,0.00122,765.63338,-0.00383
765.67373,-7.11E-05,777.87545,0.0019,765.67373,0.00382
765.71409,-4.39E-05,777.88411,0.00129,765.71409,-0.00369
765.75444,-9.52E-05,777.89278,0.00228,765.75444,-0.01689
765.7948,-2.03E-04,777.90144,0.0026,765.7948,-0.0502
765.83515,-2.21E-04,777.9101,0.00232,765.83515,-0.05063
765.8755,-2.71E-05,777.91877,0.00185,765.8755,-0.03081
765.91585,-1.52E-04,777.92743,0.00144,765.91585,-0.02506
765.95621,-4.02E-04,777.93609,7.10E-04,765.95621,-0.01372
765.99656,-3.03E-04,777.94475,0.0011,765.99656,-0.01657
766.03691,-2.97E-04,777.95342,0.00181,766.03691,-0.0093
766.07726,-8.09E-05,777.96208,0.0012,766.07726,-0.00424
766.11761,-8.03E-05,777.97074,0.00177,766.11761,-0.02556
766.15796,-2.15E-04,777.9794,0.00203,766.15796,0.00291
766.19831,-2.46E-04,777.98806,0.00228,766.19831,0.0024
766.23866,-8.54E-05,777.99672,0.00212,766.23866,0.00629
766.27901,1.11E-04,778.00538,0.00101,766.27901,0.00522
766.31936,1.92E-04,778.01404,0.00187,766.31936,0.01729
766.35971,1.48E-04,778.0227,0.00124,766.35971,-0.01649
766.40006,3.73E-05,778.03136,0.00187,766.40006,-0.02034
766.44041,-1.59E-04,778.04002,0.00196,766.44041,-0.0076
766.48075,-1.90E-04,778.04868,0.00146,766.48075,0.00551
766.5211,-8.63E-05,778.05734,8.13E-04,766.5211,-0.01867
766.56145,5.45E-05,778.06599,6.98E-04,766.56145,-0.01992
766.6018,-1.56E-05,778.07465,0.00158,766.6018,-0.01897
766.64214,-8.51E-05,778.08331,0.00176,766.64214,-0.00721
766.68249,-8.94E-05,778.09197,0.00235,766.68249,-0.0252
766.72283,-6.43E-05,778.10062,0.00206,766.72283,-0.00769
766.76318,-3.94E-05,778.10928,0.00163,766.76318,0.01254
766.80352,-1.55E-04,778.11794,4.98E-04,766.80352,-0.00751
766.84387,-2.30E-04,778.12659,0.00116,766.84387,0.00929
766.88421,-7.44E-07,778.13525,0.00113,766.88421,0.01512
766.92455,4.27E-05,778.1439,0.00143,766.92455,-0.00487
766.9649,8.97E-05,778.15256,0.00191,766.9649,-0.02459
767.00524,1.46E-04,778.16121,0.00213,767.00524,-0.00358
767.04558,9.45E-05,778.16987,0.00196,767.04558,7.70E-04
767.08592,3.07E-05,778.17852,0.00164,767.08592,0.01325
767.12627,-2.46E-06,778.18718,0.00186,767.12627,0.00284
767.16661,6.85E-05,778.19583,0.00153,767.16661,-0.00625
767.20695,1.47E-04,778.20449,0.00166,767.20695,-0.01403
767.24729,7.74E-05,778.21314,0.00173,767.24729,-0.02603
767.28763,5.45E-05,778.22179,0.00205,767.28763,-0.00296
767.32797,-2.45E-05,778.23044,0.00219,767.32797,0.00724
767.36831,7.25E-05,778.2391,0.00287,767.36831,0.01612
767.40865,1.62E-04,778.24775,0.00237,767.40865,0.00224
767.44898,1.94E-04,778.2564,0.00307,767.44898,0.01798
767.48932,1.44E-04,778.26505,0.00274,767.48932,-0.0206
767.52966,2.67E-04,778.2737,0.00275,767.52966,-0.00992
767.57,3.80E-04,778.28235,0.00287,767.57,-0.03062
767.61034,2.57E-04,778.291,0.00283,767.61034,-0.04675
767.65067,2.80E-04,778.29965,0.00195,767.65067,-0.01052
767.69101,3.23E-04,778.3083,0.00144,767.69101,-0.01448
767.73135,3.64E-04,778.31695,0.00205,767.73135,0.00679
767.77168,4.10E-04,778.3256,0.00209,767.77168,-0.00335
767.81202,3.45E-04,778.33425,0.00171,767.81202,0.00589
767.85235,2.28E-04,778.3429,0.00205,767.85235,-0.00438
767.89269,7.85E-05,778.35155,0.00173,767.89269,0.00976
767.93302,1.24E-05,778.3602,0.00209,767.93302,-0.02729
767.97335,6.25E-05,778.36884,0.00273,767.97335,-0.01035
768.01369,1.42E-04,778.37749,0.00206,768.01369,0.00783
768.05402,8.82E-05,778.38614,0.00182,768.05402,-0.01686
768.09435,2.29E-04,778.39479,0.0024,768.09435,-0.00448
768.13469,2.71E-04,778.40343,0.00252,768.13469,-0.0444
768.17502,2.14E-04,778.41208,0.00235,768.17502,-0.02525
768.21535,3.29E-04,778.42072,0.00237,768.21535,-0.00812
768.25568,3.74E-04,778.42937,0.00206,768.25568,-0.01521
768.29601,1.57E-04,778.43802,0.00219,768.29601,0.00602
768.33634,2.79E-04,778.44666,0.00209,768.33634,0.0133
768.37667,4.90E-04,778.45531,0.00196,768.37667,0.02126
768.417,4.86E-04,778.46395,0.00242,768.417,0.0057
768.45733,3.32E-04,778.47259,0.00293,768.45733,-0.00373
768.49766,3.30E-04,778.48124,0.0026,768.49766,-0.02743
768.53799,1.62E-04,778.48988,0.00242,768.53799,0.00281
768.57832,3.84E-04,778.49852,0.00242,768.57832,0.0203
768.61864,3.73E-04,778.50717,0.00199,768.61864,-0.00767
768.65897,4.81E-04,778.51581,0.00156,768.65897,-0.00768
768.6993,6.15E-04,778.52445,0.00209,768.6993,-0.01906
768.73962,5.85E-04,778.5331,0.00131,768.73962,0.0114
768.77995,4.07E-04,778.54174,0.00224,768.77995,-7.32E-04
768.82028,3.67E-04,778.55038,0.00201,768.82028,0.01951
768.8606,3.66E-04,778.55902,0.00171,768.8606,0.0097
768.90093,5.64E-04,778.56766,0.00268,768.90093,-0.00311
768.94125,5.59E-04,778.5763,0.00309,768.94125,-0.00967
768.98158,4.17E-04,778.58494,0.00209,768.98158,0.0072
769.0219,4.41E-04,778.59358,0.00201,769.0219,-0.0291
769.06222,5.19E-04,778.60222,0.00234,769.06222,-0.02509
769.10255,5.61E-04,778.61086,0.00183,769.10255,-0.0129
769.14287,5.79E-04,778.6195,0.00144,769.14287,0.00453
769.18319,4.02E-04,778.62814,0.0023,769.18319,-0.01151
769.22352,5.37E-04,778.63678,0.00387,769.22352,4.17E-04
769.26384,5.93E-04,778.64542,0.0028,769.26384,-9.27E-04
769.30416,4.17E-04,778.65405,0.0021,769.30416,-0.00934
769.34448,3.03E-04,778.66269,0.00212,769.34448,-0.03281
769.3848,3.55E-04,778.67133,0.00173,769.3848,-0.01448
769.42512,4.37E-04,778.67997,0.00216,769.42512,0.00111
769.46544,4.47E-04,778.6886,0.00241,769.46544,0.00336
769.50576,6.39E-04,778.69724,0.00368,769.50576,-0.02365
769.54608,5.65E-04,778.70588,0.00283,769.54608,-0.01378
769.5864,5.29E-04,778.71451,0.00298,769.5864,-0.02977
769.62672,5.14E-04,778.72315,0.00269,769.62672,-0.03712
769.66704,6.28E-04,778.73178,0.00299,769.66704,-0.02221
769.70735,5.94E-04,778.74042,0.0029,769.70735,-0.00986
769.74767,5.33E-04,778.74905,0.00234,769.74767,-0.00596
769.78799,5.29E-04,778.75769,0.00203,769.78799,-0.00274
769.8283,6.14E-04,778.76632,0.00338,769.8283,-0.03596
769.86862,7.74E-04,778.77495,0.0038,769.86862,-0.01971
769.90894,8.19E-04,778.78359,0.00365,769.90894,0.00423
769.94925,6.63E-04,778.79222,0.00116,769.94925,-0.01535
769.98957,7.55E-04,778.80085,8.81E-04,769.98957,-0.0083
770.02988,9.07E-04,778.80949,0.00179,770.02988,-0.01431
770.07019,0.0011,778.81812,0.0027,770.07019,-0.00312
770.11051,0.00107,778.82675,0.00259,770.11051,-4.01E-04
770.15082,8.41E-04,778.83538,0.00283,770.15082,0.01038
770.19114,7.17E-04,778.84401,0.00218,770.19114,-0.00582
770.23145,9.13E-04,778.85265,0.00211,770.23145,-0.00157
770.27176,7.94E-04,778.86128,0.00313,770.27176,0.01135
770.31207,6.93E-04,778.86991,0.00336,770.31207,0.00183
770.35238,8.33E-04,778.87854,0.00252,770.35238,-0.01124
770.3927,9.56E-04,778.88717,0.00123,770.3927,0.01288
770.43301,7.54E-04,778.8958,0.00161,770.43301,-0.00345
770.47332,8.40E-04,778.90443,0.00141,770.47332,0.01246
770.51363,9.62E-04,778.91305,0.00188,770.51363,0.00212
770.55394,8.78E-04,778.92168,0.00216,770.55394,0.00947
770.59425,7.58E-04,778.93031,0.0024,770.59425,0.01066
770.63455,6.65E-04,778.93894,0.00257,770.63455,-0.00544
770.67486,7.20E-04,778.94757,0.00211,770.67486,-0.00511
770.71517,8.47E-04,778.9562,0.00283,770.71517,-0.00607
770.75548,0.001,778.96482,0.0029,770.75548,-0.00835
770.79579,0.00107,778.97345,0.00207,770.79579,-0.00685
770.83609,9.46E-04,778.98208,0.00181,770.83609,0.00518
770.8764,0.00108,778.9907,0.00244,770.8764,-0.004
770.91671,0.00102,778.99933,0.00203,770.91671,-0.02805
770.95701,0.0011,779.00795,0.00197,770.95701,0.00907
770.99732,0.00117,779.01658,0.0038,770.99732,-0.00901
771.03762,9.29E-04,779.0252,0.00309,771.03762,0.01051
771.07793,0.00104,779.03383,0.00234,771.07793,0.01252
771.11823,8.89E-04,779.04245,0.00251,771.11823,-0.0035
771.15854,9.05E-04,779.05108,0.00198,771.15854,-0.01953
771.19884,9.00E-04,779.0597,0.0024,771.19884,-0.01832
771.23914,0.0011,779.06833,0.00228,771.23914,0.0092
771.27945,0.00128,779.07695,0.00218,771.27945,-0.01432
771.31975,0.00114,779.08557,0.00248,771.31975,-0.01035
771.36005,0.00105,779.0942,0.00244,771.36005,-0.01331
771.40035,0.00105,779.10282,0.0032,771.40035,-0.0084
771.44065,0.00118,779.11144,0.00269,771.44065,0.00781
771.48096,0.0013,779.12006,0.00282,771.48096,-0.00463
771.52126,0.00133,779.12868,0.00309,771.52126,0.00146
771.56156,0.0013,779.1373,0.00236,771.56156,-0.00991
771.60186,0.00131,779.14593,0.0025,771.60186,0.01914
771.64216,0.00125,779.15455,0.00175,771.64216,-0.01017
771.68245,0.0012,779.16317,0.00135,771.68245,-0.01132
771.72275,0.00143,779.17179,0.00195,771.72275,-0.01661
771.76305,0.00166,779.18041,0.00244,771.76305,-0.00789
771.80335,0.0016,779.18903,0.00218,771.80335,-0.01199
771.84365,0.00146,779.19765,0.00217,771.84365,0.01156
771.88394,0.0016,779.20626,0.00151,771.88394,0.00103
771.92424,0.0015,779.21488,0.00231,771.92424,0.00806
771.96454,0.00129,779.2235,0.00219,771.96454,-4.93E-04
772.00483,0.00149,779.23212,0.00196,772.00483,-0.01077
772.04513,0.00144,779.24074,0.00163,772.04513,-0.02087
772.08542,0.00141,779.24935,0.00296,772.08542,-0.03176
772.12572,0.00137,779.25797,0.0033,772.12572,8.08E-04
772.16601,0.00143,779.26659,0.0027,772.16601,-0.01427
772.20631,0.00142,779.2752,0.00238,772.20631,-0.01806
772.2466,0.00149,779.28382,0.00333,772.2466,-0.00341
772.2869,0.0014,779.29244,0.00223,772.2869,-0.00649
772.32719,0.00144,779.30105,0.00332,772.32719,-0.00182
772.36748,0.00163,779.30967,0.00388,772.36748,0.00407
772.40777,0.00172,779.31828,0.00391,772.40777,-0.00724
772.44806,0.00175,779.3269,0.00209,772.44806,0.02732
772.48836,0.00199,779.33551,0.00275,772.48836,-0.00243
772.52865,0.00213,779.34413,0.00204,772.52865,0.03171
772.56894,0.00204,779.35274,0.00279,772.56894,-0.00938
772.60923,0.00202,779.36135,0.00413,772.60923,-0.0013
772.64952,0.00203,779.36997,0.00368,772.64952,-0.00773
772.68981,0.00198,779.37858,0.00387,772.68981,-0.00715
772.7301,0.00208,779.38719,0.00318,772.7301,-0.00216
772.77039,0.00211,779.3958,0.00389,772.77039,-0.03628
772.81067,0.00201,779.40442,0.00434,772.81067,-0.01583
772.85096,0.002,779.41303,0.00491,772.85096,-0.02677
772.89125,0.00207,779.42164,0.00472,772.89125,0.01927
772.93154,0.00183,779.43025,0.00478,772.93154,0.02313
772.97182,0.00188,779.43886,0.00424,772.97182,0.0013
773.01211,0.00183,779.44747,0.00384,773.01211,0.0073
773.0524,0.00214,779.45608,0.00468,773.0524,0.00463
773.09268,0.00225,779.46469,0.00405,773.09268,-0.00127
773.13297,0.00201,779.4733,0.00423,773.13297,-0.03403
773.17325,0.00188,779.48191,0.00399,773.17325,-0.00435
773.21354,0.00183,779.49052,0.00487,773.21354,-0.01767
773.25382,0.00204,779.49913,0.00457,773.25382,-0.03465
773.2941,0.0021,779.50774,0.00454,773.2941,-0.02474
773.33439,0.00234,779.51635,0.00415,773.33439,-0.00738
773.37467,0.00246,779.52495,0.00429,773.37467,-0.00231
773.41495,0.00258,779.53356,0.00565,773.41495,-0.01212
773.45524,0.00249,779.54217,0.00498,773.45524,-0.01489
773.49552,0.00257,779.55078,0.00536,773.49552,-0.0136
773.5358,0.00248,779.55938,0.00474,773.5358,-0.00621
773.57608,0.00255,779.56799,0.00416,773.57608,0.01691
773.61636,0.00266,779.57659,0.00544,773.61636,-0.00909
773.65664,0.00249,779.5852,0.00529,773.65664,-0.01304
773.69692,0.00237,779.59381,0.00563,773.69692,-0.0266
773.7372,0.00235,779.60241,0.00578,773.7372,0.00274
773.77748,0.00246,779.61102,0.0065,773.77748,-0.03861
773.81776,0.00259,779.61962,0.00623,773.81776,-0.02122
773.85804,0.00244,779.62822,0.00621,773.85804,-0.01427
773.89831,0.00251,779.63683,0.00626,773.89831,0.00113
773.93859,0.00265,779.64543,0.00682,773.93859,-0.01832
773.97887,0.00286,779.65404,0.00765,773.97887,-0.03714
774.01915,0.00276,779.66264,0.00648,774.01915,0.00441
774.05942,0.00279,779.67124,0.00666,774.05942,-0.01569
774.0997,0.00273,779.67984,0.00633,774.0997,-0.02132
774.13997,0.00298,779.68845,0.00582,774.13997,0.00105
774.18025,0.00276,779.69705,0.00577,774.18025,-0.0376
774.22052,0.00276,779.70565,0.00543,774.22052,-0.00577
774.2608,0.00291,779.71425,0.00645,774.2608,-0.01191
774.30107,0.00298,779.72285,0.00562,774.30107,0.00157
774.34135,0.003,779.73145,0.00625,774.34135,-0.01742
774.38162,0.00281,779.74005,0.00589,774.38162,-0.02319
774.42189,0.00304,779.74865,0.00585,774.42189,0.00873
774.46217,0.00306,779.75725,0.00588,774.46217,-0.01795
774.50244,0.00322,779.76585,0.00571,774.50244,-0.00108
774.54271,0.00321,779.77445,0.00468,774.54271,-0.00876
774.58298,0.00326,779.78305,0.00439,774.58298,-0.02492
774.62325,0.00339,779.79165,0.00471,774.62325,-0.01455
774.66352,0.00335,779.80025,0.00453,774.66352,-0.00863
774.70379,0.0034,779.80884,0.00466,774.70379,-7.21E-04
774.74406,0.00337,779.81744,0.00502,774.74406,0.00298
774.78433,0.00334,779.82604,0.00435,774.78433,-0.00203
774.8246,0.00358,779.83464,0.00363,774.8246,-0.00991
774.86487,0.00365,779.84323,0.00371,774.86487,-0.01858
774.90514,0.00369,779.85183,0.00403,774.90514,-0.00377
774.94541,0.00357,779.86043,0.00476,774.94541,-0.02949
774.98567,0.00361,779.86902,0.00355,774.98567,-0.00271
775.02594,0.0037,779.87762,0.00267,775.02594,-0.01441
775.06621,0.00353,779.88621,0.00223,775.06621,-0.00424
775.10647,0.0037,779.89481,0.00181,775.10647,-0.01238
775.14674,0.0037,779.9034,0.00207,775.14674,-0.02085
775.18701,0.00368,779.912,0.00211,775.18701,-0.01549
775.22727,0.00373,779.92059,0.00246,775.22727,-0.03123
775.26754,0.0038,779.92918,0.00236,775.26754,-0.02268
775.3078,0.00385,779.93778,0.00236,775.3078,-0.01223
775.34806,0.0039,779.94637,0.00294,775.34806,-0.02424
775.38833,0.00409,779.95496,0.00342,775.38833,0.00454
775.42859,0.0042,779.96356,0.00292,775.42859,-0.0106
775.46885,0.00423,779.97215,0.0021,775.46885,-0.00834
775.50912,0.00415,779.98074,0.0023,775.50912,0.01308
775.54938,0.00408,779.98933,0.00256,775.54938,-0.00786
775.58964,0.00403,779.99792,0.00263,775.58964,-0.00885
775.6299,0.00435,780.00651,0.00302,775.6299,-0.00648
775.67016,0.00451,780.0151,0.00437,775.67016,0.00433
775.71042,0.00429,780.02369,0.00447,775.71042,-0.02137
775.75068,0.0045,780.03229,0.00425,775.75068,-0.02382
775.79094,0.00458,780.04087,0.00465,775.79094,-0.02545
775.8312,0.00457,780.04946,0.00476,775.8312,-0.0172
775.87146,0.00449,780.05805,0.00529,775.87146,-0.00904
775.91172,0.00464,780.06664,0.00572,775.91172,-0.01123
775.95198,0.00471,780.07523,0.00467,775.95198,-0.02266
775.99224,0.00482,780.08382,0.0046,775.99224,-0.02741
776.03249,0.00469,780.09241,0.00545,776.03249,0.00102
776.07275,0.00478,780.101,0.00491,776.07275,0.00673
776.11301,0.00473,780.10958,0.00567,776.11301,-0.00814
776.15326,0.00488,780.11817,0.00565,776.15326,-0.01234
776.19352,0.0049,780.12676,0.00698,776.19352,-0.01781
776.23378,0.00469,780.13534,0.00667,776.23378,-5.42E-06
776.27403,0.00488,780.14393,0.00617,776.27403,-0.00522
776.31429,0.00502,780.15252,0.00696,776.31429,-0.00545
776.35454,0.00511,780.1611,0.00661,776.35454,0.01739
776.39479,0.00508,780.16969,0.00622,776.39479,0.01934
776.43505,0.00493,780.17827,0.00653,776.43505,-0.01312
776.4753,0.00514,780.18686,0.0057,776.4753,-0.01157
776.51555,0.0052,780.19544,0.00694,776.51555,-0.01023
776.55581,0.00511,780.20402,0.00626,776.55581,-0.0362
776.59606,0.00545,780.21261,0.006,776.59606,-0.01428
776.63631,0.00539,780.22119,0.0063,776.63631,-0.02325
776.67656,0.00538,780.22978,0.00644,776.67656,-0.04461
776.71681,0.00549,780.23836,0.0062,776.71681,-0.01001
776.75706,0.00552,780.24694,0.00503,776.75706,-2.98E-04
776.79731,0.00541,780.25552,0.00561,776.79731,0.01439
776.83756,0.00563,780.26411,0.00621,776.83756,0.00521
776.87781,0.00577,780.27269,0.00633,776.87781,0.01621
776.91806,0.00579,780.28127,0.00656,776.91806,0.00566
776.95831,0.00589,780.28985,0.00574,776.95831,-0.00494
776.99856,0.00585,780.29843,0.00483,776.99856,-0.02653
777.0388,0.00603,780.30701,0.00515,777.0388,-0.00615
777.07905,0.00611,780.31559,0.00582,777.07905,-0.02428
777.1193,0.00607,780.32417,0.00553,777.1193,-0.02635
777.15954,0.00589,780.33275,0.00586,777.15954,-0.00497
777.19979,0.00604,780.34133,0.00751,777.19979,-0.00312
777.24004,0.00614,780.34991,0.00718,777.24004,-0.01019
777.28028,0.00617,780.35849,0.0064,777.28028,0.00412
777.32053,0.00624,780.36707,0.00737,777.32053,-0.00748
777.36077,0.00627,780.37564,0.00728,777.36077,-0.01964
777.40101,0.00657,780.38422,0.00776,777.40101,-0.00365
777.44126,0.00677,780.3928,0.00811,777.44126,-0.01485
777.4815,0.00666,780.40138,0.00903,777.4815,0.0234
777.52174,0.00676,780.40995,0.00957,777.52174,-0.0022
777.56199,0.00675,780.41853,0.00876,777.56199,1.52E-04
777.60223,0.0068,780.42711,0.01003,777.60223,-9.38E-04
777.64247,0.0069,780.43568,0.00947,777.64247,-0.02349
777.68271,0.00682,780.44426,0.01015,777.68271,-0.00862
777.72295,0.00688,780.45283,0.00945,777.72295,0.00326
777.76319,0.00661,780.46141,0.01068,777.76319,0.00709
777.80343,0.00658,780.46998,0.0111,777.80343,0.00477
777.84367,0.00683,780.47856,0.01151,777.84367,-0.00483
777.88391,0.00711,780.48713,0.01055,777.88391,-0.00242
777.92415,0.00699,780.49571,0.01098,777.92415,0.0089
777.96439,0.00701,780.50428,0.01151,777.96439,0.0208
778.00463,0.00718,780.51285,0.01143,778.00463,0.00676
778.04487,0.00718,780.52143,0.01153,778.04487,-0.02331
778.0851,0.00755,780.53,0.01135,778.0851,-0.0165
778.12534,0.00765,780.53857,0.01203,778.12534,-0.02037
778.16558,0.00777,780.54714,0.01217,778.16558,0.01285
778.20581,0.00785,780.55571,0.01272,778.20581,0.02391
778.24605,0.00802,780.56429,0.01172,778.24605,0.00264
778.28628,0.00814,780.57286,0.01128,778.28628,-0.02187
778.32652,0.00814,780.58143,0.01227,778.32652,-0.01016
778.36675,0.00826,780.59,0.0125,778.36675,-0.00966
778.40699,0.00835,780.59857,0.01273,778.40699,-0.00624
778.44722,0.00841,780.60714,0.01302,778.44722,0.02196
778.48746,0.00853,780.61571,0.01327,778.48746,7.59E-04
778.52769,0.00846,780.62428,0.01355,778.52769,-0.00786
778.56792,0.00826,780.63285,0.01454,778.56792,-0.00491
778.60815,0.00805,780.64142,0.01444,778.60815,0.01475
778.64839,0.00815,780.64998,0.01486,778.64839,-0.00223
778.68862,0.00838,780.65855,0.01453,778.68862,0.00519
778.72885,0.00831,780.66712,0.01639,778.72885,-0.00123
778.76908,0.00814,780.67569,0.01614,778.76908,-0.00533
778.80931,0.00812,780.68426,0.01531,778.80931,-0.01017
778.84954,0.00831,780.69282,0.0165,778.84954,-0.00606
778.88977,0.00827,780.70139,0.01709,778.88977,0.00403
778.93,0.00864,780.70996,0.0176,778.93,0.00169
778.97023,0.00884,780.71852,0.01846,778.97023,-0.00572
779.01046,0.00914,780.72709,0.01882,779.01046,-0.00699
779.05068,0.00958,780.73565,0.01964,779.05068,0.00676
779.09091,0.00963,780.74422,0.02017,779.09091,0.00167
779.13114,0.00925,780.75278,0.02098,779.13114,0.01172
779.17136,0.00901,780.76135,0.02114,779.17136,0.0358
779.21159,0.00905,780.76991,0.02276,779.21159,0.02385
779.25182,0.00903,780.77848,0.02321,779.25182,0.00507
779.29204,0.00923,780.78704,0.02505,779.29204,0.00267
779.33227,0.00934,780.7956,0.02667,779.33227,0.01095
779.37249,0.00939,780.80417,0.0277,779.37249,-0.00354
779.41272,0.00974,780.81273,0.02866,779.41272,-0.01038
779.45294,0.0098,780.82129,0.02823,779.45294,0.01439
779.49316,0.01006,780.82985,0.03054,779.49316,0.01772
779.53339,0.01074,780.83841,0.03191,779.53339,0.02435
779.57361,0.01126,780.84698,0.03335,779.57361,0.02113
779.61383,0.01189,780.85554,0.03375,779.61383,0.01104
779.65405,0.0123,780.8641,0.03518,779.65405,0.01969
779.69428,0.01226,780.87266,0.03898,779.69428,0.03696
779.7345,0.01185,780.88122,0.04104,779.7345,0.02971
779.77472,0.01135,780.88978,0.04365,779.77472,0.00972
779.81494,0.01121,780.89834,0.04525,779.81494,0.0239
779.85516,0.01133,780.9069,0.04847,779.85516,-0.00502
779.89538,0.01143,780.91546,0.05149,779.89538,0.01884
779.9356,0.01166,780.92402,0.05595,779.9356,0.02534
779.97582,0.01213,780.93257,0.05986,779.97582,0.0267
780.01603,0.01262,780.94113,0.06502,780.01603,0.01909
780.05625,0.01321,780.94969,0.07178,780.05625,0.01809
780.09647,0.01417,780.95825,0.07988,780.09647,0.04359
780.13669,0.01482,780.96681,0.09025,780.13669,0.01709
780.1769,0.01515,780.97536,0.10609,780.1769,0.02765
780.21712,0.01508,780.98392,0.12734,780.21712,0.00191
780.25734,0.01486,780.99248,0.15761,780.25734,0.04819
780.29755,0.01423,781.00103,0.1951,780.29755,0.04465
780.33777,0.01369,781.00959,0.24126,780.33777,0.04694
780.37798,0.01305,781.01814,0.29273,780.37798,0.03852
780.4182,0.01233,781.0267,0.34641,780.4182,0.00476
780.45841,0.01204,781.03525,0.40243,780.45841,3.58E-04
780.49862,0.01175,781.04381,0.45331,780.49862,-0.00695
780.53884,0.01174,781.05236,0.5005,780.53884,0.0282
780.57905,0.0118,781.06092,0.54588,780.57905,0.02333
780.61926,0.01173,781.06947,0.5867,780.61926,0.03234
780.65947,0.0119,781.07802,0.62275,780.65947,0.02495
780.69969,0.01241,781.08658,0.65343,780.69969,0.03238
780.7399,0.01303,781.09513,0.68921,780.7399,0.0431
780.78011,0.01479,781.10368,0.73593,780.78011,0.04112
780.82032,0.01663,781.11223,0.78576,780.82032,0.03377
780.86053,0.02305,781.12078,0.84518,780.86053,0.04023
780.90074,0.03729,781.12934,0.9056,780.90074,0.03715
780.94095,0.05588,781.13789,0.95664,780.94095,0.03072
780.98116,0.06583,781.14644,0.98564,780.98116,0.02188
781.02136,0.05805,781.15499,0.9946,781.02136,0.03863
781.06157,0.03976,781.16354,1,781.06157,0.01752
781.10178,0.02448,781.17209,0.98205,781.10178,0.03668
781.14199,0.01714,781.18064,0.94799,781.14199,0.01686
781.18219,0.01491,781.18919,0.89306,781.18219,0.02653
781.2224,0.01446,781.19774,0.80976,781.2224,0.03844
781.26261,0.01521,781.20629,0.69757,781.26261,0.02264
781.30281,0.01513,781.21484,0.58428,781.30281,0.0503
781.34302,0.01561,781.22338,0.46944,781.34302,0.01988
781.38322,0.01619,781.23193,0.37043,781.38322,0.03062
781.42343,0.01703,781.24048,0.28965,781.42343,0.05265
781.46363,0.01772,781.24903,0.22898,781.46363,0.02597
781.50383,0.01832,781.25757,0.18308,781.50383,0.003
781.54404,0.01943,781.26612,0.14836,781.54404,0.02334
781.58424,0.02056,781.27467,0.12518,781.58424,0.00134
781.62444,0.02113,781.28321,0.10762,781.62444,0.02751
781.66464,0.02105,781.29176,0.09533,781.66464,0.01519
781.70485,0.02076,781.3003,0.08672,781.70485,0.00457
781.74505,0.01996,781.30885,0.07836,781.74505,0.03897
781.78525,0.01879,781.31739,0.07317,781.78525,0.02524
781.82545,0.01825,781.32594,0.0671,781.82545,0.04422
781.86565,0.01746,781.33448,0.06361,781.86565,0.0338
781.90585,0.01687,781.34303,0.05924,781.90585,0.04081
781.94605,0.01654,781.35157,0.05479,781.94605,0.03338
781.98625,0.01627,781.36011,0.0502,781.98625,0.04299
782.02644,0.0159,781.36866,0.04647,782.02644,0.05148
782.06664,0.01577,781.3772,0.04376,782.06664,0.03014
782.10684,0.01562,781.38574,0.04046,782.10684,0.05526
782.14704,0.01573,781.39428,0.03736,782.14704,0.04946
782.18723,0.01595,781.40283,0.03589,782.18723,0.04743
782.22743,0.01614,781.41137,0.03355,782.22743,0.01235
782.26763,0.01629,781.41991,0.03163,782.26763,0.02037
782.30782,0.01668,781.42845,0.03203,782.30782,0.02933
782.34802,0.01729,781.43699,0.02931,782.34802,0.02825
782.38821,0.01775,781.44553,0.02842,782.38821,0.06034
782.42841,0.01814,781.45407,0.02761,782.42841,0.0244
782.4686,0.01882,781.46261,0.02657,782.4686,0.04434
782.50879,0.01982,781.47115,0.02451,782.50879,0.01042
782.54899,0.02071,781.47969,0.02432,782.54899,0.03774
782.58918,0.02152,781.48823,0.02388,782.58918,0.03854
782.62937,0.02234,781.49677,0.02226,782.62937,0.0476
782.66956,0.02286,781.5053,0.02214,782.66956,0.03854
782.70975,0.02315,781.51384,0.02157,782.70975,0.03132
782.74995,0.02333,781.52238,0.0196,782.74995,0.04396
782.79014,0.02336,781.53092,0.01813,782.79014,0.04228
782.83033,0.02315,781.53945,0.01789,782.83033,0.07634
782.87052,0.0231,781.54799,0.01716,782.87052,0.08762
782.91071,0.02367,781.55653,0.0176,782.91071,0.05226
782.9509,0.02463,781.56506,0.01723,782.9509,0.07651
782.99108,0.02576,781.5736,0.01753,782.99108,0.06745
783.03127,0.02658,781.58213,0.01691,783.03127,0.05032
783.07146,0.02705,781.59067,0.01719,783.07146,0.04903
783.11165,0.02704,781.5992,0.01562,783.11165,0.04161
783.15183,0.02639,781.60774,0.01507,783.15183,0.05396
783.19202,0.02567,781.61627,0.01494,783.19202,0.05555
783.23221,0.02521,781.62481,0.01365,783.23221,0.07209
783.27239,0.02491,781.63334,0.01255,783.27239,0.04509
783.31258,0.02511,781.64187,0.01199,783.31258,0.05071
783.35276,0.02523,781.65041,0.01178,783.35276,0.04457
783.39295,0.02595,781.65894,0.01168,783.39295,0.02926
783.43313,0.027,781.66747,0.01125,783.43313,0.07276
783.47332,0.02859,781.676,0.01102,783.47332,0.05433
783.5135,0.03074,781.68454,0.01009,783.5135,0.04445
783.55368,0.03362,781.69307,0.01025,783.55368,0.04262
783.59387,0.03713,781.7016,0.00984,783.59387,0.02855
783.63405,0.0408,781.71013,0.00887,783.63405,0.06482
783.67423,0.04406,781.71866,0.00926,783.67423,0.04407
783.71441,0.04634,781.72719,0.00834,783.71441,0.07169
783.75459,0.04755,781.73572,0.00784,783.75459,0.08333
783.79477,0.04794,781.74425,0.00778,783.79477,0.08072
783.83495,0.04818,781.75278,0.00798,783.83495,0.06739
783.87513,0.04813,781.76131,0.00716,783.87513,0.05639
783.91531,0.04858,781.76984,0.007,783.91531,0.09364
783.95549,0.04922,781.77837,0.00617,783.95549,0.0853
783.99567,0.05013,781.78689,0.00648,783.99567,0.08194
784.03585,0.05186,781.79542,0.0061,784.03585,0.06762
784.07602,0.05467,781.80395,0.00689,784.07602,0.06091
784.1162,0.05817,781.81248,0.00578,784.1162,0.05043
784.15638,0.06211,781.821,0.00558,784.15638,0.04958
784.19656,0.06726,781.82953,0.0056,784.19656,0.06763
784.23673,0.07449,781.83806,0.00451,784.23673,0.05631
784.27691,0.0857,781.84658,0.00578,784.27691,0.09725
784.31708,0.10527,781.85511,0.00517,784.31708,0.08226
784.35726,0.14094,781.86363,0.00556,784.35726,0.12435
784.39743,0.20584,781.87216,0.0049,784.39743,0.14523
784.43761,0.3141,781.88068,0.00456,784.43761,0.20081
784.47778,0.47801,781.88921,0.00479,784.47778,0.25053
784.51795,0.6881,781.89773,0.00498,784.51795,0.26144
784.55813,0.88932,781.90626,0.00549,784.55813,0.25966
784.5983,1,781.91478,0.00553,784.5983,0.22905
784.63847,0.97712,781.9233,0.00556,784.63847,0.21867
784.67864,0.83403,781.93183,0.0063,784.67864,0.2657
784.71881,0.63021,781.94035,0.00433,784.71881,0.23821
784.75898,0.43623,781.94887,0.00407,784.75898,0.21567
784.79915,0.2878,781.95739,0.00539,784.79915,0.20354
784.83932,0.1885,781.96592,0.00535,784.83932,0.17743
784.87949,0.13002,781.97444,0.00441,784.87949,0.14641
784.91966,0.09853,781.98296,0.00468,784.91966,0.12955
784.95983,0.08163,781.99148,0.00466,784.95983,0.10129
785,0.07181,782,0.0044,785,0.12002
785.04017,0.06553,782.00852,0.00531,785.04017,0.12398
785.08034,0.06137,782.01704,0.00488,785.08034,0.11085
785.1205,0.05884,782.02556,0.00431,785.1205,0.13673
785.16067,0.05648,782.03408,0.00338,785.16067,0.19345
785.20084,0.0542,782.0426,0.00344,785.20084,0.23457
785.241,0.05221,782.05112,0.00414,785.241,0.38427
785.28117,0.05006,782.05964,0.00479,785.28117,0.61232
785.32133,0.0474,782.06815,0.00517,785.32133,0.85024
785.3615,0.04467,782.07667,0.00578,785.3615,1
785.40166,0.04219,782.08519,0.00488,785.40166,0.99678
785.44182,0.03948,782.09371,0.00528,785.44182,0.82721
785.48199,0.03719,782.10222,0.00524,785.48199,0.54518
785.52215,0.03548,782.11074,0.00571,785.52215,0.36312
785.56231,0.03395,782.11926,0.00542,785.56231,0.23993
785.60248,0.03288,782.12777,0.00629,785.60248,0.17802
785.64264,0.03174,782.13629,0.00621,785.64264,0.1321
785.6828,0.03097,782.1448,0.00663,785.6828,0.09521
785.72296,0.03057,782.15332,0.00732,785.72296,0.09529
785.76312,0.03005,782.16183,0.00711,785.76312,0.08249
785.80328,0.03007,782.17035,0.00607,785.80328,0.08649
785.84344,0.03135,782.17886,0.00625,785.84344,0.0809
785.8836,0.03293,782.18738,0.00629,785.8836,0.09064
785.92376,0.02962,782.19589,0.00791,785.92376,0.06312
785.96392,0.03158,782.2044,0.0076,785.96392,0.06983
786.00408,0.0327,782.21292,0.00844,786.00408,0.06819
786.04423,0.03063,782.22143,0.00856,786.04423,0.04245
786.08439,0.03094,782.22994,0.00832,786.08439,0.07459
786.12455,0.03105,782.23845,0.00765,786.12455,0.06107
786.1647,0.03073,782.24696,0.00828,786.1647,0.06625
786.20486,0.02664,782.25548,0.00748,786.20486,0.07762
786.24502,0.02432,782.26399,0.00831,786.24502,0.07838
786.28517,0.02301,782.2725,0.00867,786.28517,0.08884
786.32533,0.02236,782.28101,0.00903,786.32533,0.07819
786.36548,0.02226,782.28952,0.00899,786.36548,0.08489
786.40563,0.02226,782.29803,0.00801,786.40563,0.03843
786.44579,0.02228,782.30654,0.00762,786.44579,0.02877
786.48594,0.02237,782.31505,0.00741,786.48594,0.01867
786.52609,0.02241,782.32356,0.0072,786.52609,0.04955
786.56625,0.02251,782.33206,0.00655,786.56625,0.03509
786.6064,0.02241,782.34057,0.00635,786.6064,0.02638
786.64655,0.0227,782.34908,0.00646,786.64655,0.0451
786.6867,0.02255,782.35759,0.00658,786.6867,0.0622
786.72685,0.02216,782.3661,0.00627,786.72685,0.02833
786.767,0.02177,782.3746,0.0058,786.767,0.03126
786.80715,0.02071,782.38311,0.00511,786.80715,0.03819
786.8473,0.01934,782.39162,0.00584,786.8473,0.05218
786.88745,0.01842,782.40012,0.0057,786.88745,0.06743
786.9276,0.01784,782.40863,0.0065,786.9276,0.03398
786.96775,0.01719,782.41713,0.00607,786.96775,0.01848
787.00789,0.01658,782.42564,0.00616,787.00789,0.03274
787.04804,0.01626,782.43415,0.00498,787.04804,0.02602
787.08819,0.0161,782.44265,0.00496,787.08819,0.02701
787.12834,0.01611,782.45115,0.00518,787.12834,0.01825
787.16848,0.01609,782.45966,0.0041,787.16848,0.01556
787.20863,0.01568,782.46816,0.00304,787.20863,-0.00212
787.24877,0.01557,782.47667,0.00351,787.24877,0.00184
787.28892,0.01515,782.48517,0.00366,787.28892,0.02657
787.32906,0.01439,782.49367,0.00371,787.32906,0.0242
787.36921,0.01412,782.50217,0.00344,787.36921,0.02852
787.40935,0.01368,782.51068,0.00401,787.40935,0.00704
787.44949,0.01321,782.51918,0.00367,787.44949,0.01081
787.48964,0.01307,782.52768,0.00289,787.48964,0.02696
787.52978,0.01333,782.53618,0.00358,787.52978,0.02043
787.56992,0.01368,782.54468,0.0032,787.56992,0.0132
787.61006,0.01371,782.55318,0.00424,787.61006,0.01807
787.6502,0.01381,782.56168,0.00403,787.6502,0.00106
787.69034,0.01367,782.57018,0.0034,787.69034,0.01028
787.73048,0.01335,782.57868,0.00395,787.73048,0.02354
787.77062,0.01297,782.58718,0.00311,787.77062,-0.00233
787.81076,0.01263,782.59568,0.00362,787.81076,0.00148
787.8509,0.01204,782.60418,0.00407,787.8509,-0.00431
787.89104,0.01161,782.61268,0.0043,787.89104,0.01134
787.93118,0.01098,782.62118,0.00376,787.93118,-0.00651
787.97132,0.01045,782.62968,0.00396,787.97132,0.00271
788.01146,0.00977,782.63817,0.00409,788.01146,0.01173
788.05159,0.00951,782.64667,0.00418,788.05159,0.00371
788.09173,0.00944,782.65517,0.00416,788.09173,0.01009
788.13187,0.00938,782.66367,0.00352,788.13187,0.03157
788.172,0.00904,782.67216,0.00411,788.172,0.00139
788.21214,0.0091,782.68066,0.00388,788.21214,0.0095
788.25227,0.0096,782.68915,0.00375,788.25227,-0.00105
788.29241,0.01031,782.69765,0.00312,788.29241,-0.0025
788.33254,0.01088,782.70614,0.00334,788.33254,-0.00888
788.37267,0.01152,782.71464,0.00367,788.37267,-0.03626
788.41281,0.01175,782.72313,0.00403,788.41281,-0.00969
788.45294,0.01166,782.73163,0.00335,788.45294,-0.00695
788.49307,0.01117,782.74012,0.00393,788.49307,0.02574
788.5332,0.01035,782.74862,0.00362,788.5332,-0.01157
788.57334,0.00956,782.75711,0.0033,788.57334,-0.01932
788.61347,0.00862,782.7656,0.00374,788.61347,-0.00837
788.6536,0.00813,782.7741,0.0038,788.6536,-0.00597
788.69373,0.00763,782.78259,0.00355,788.69373,0.0087
788.73386,0.00708,782.79108,0.00267,788.73386,-0.01614
788.77399,0.00666,782.79957,0.00324,788.77399,0.00843
788.81412,0.00635,782.80806,0.00277,788.81412,0.00159
788.85425,0.00623,782.81655,0.00305,788.85425,0.00677
788.89437,0.00617,782.82505,0.0036,788.89437,-0.01782
788.9345,0.00614,782.83354,0.0029,788.9345,-0.02905
788.97463,0.00615,782.84203,0.00258,788.97463,-0.01615
789.01476,0.00634,782.85052,0.00238,789.01476,-0.00511
789.05488,0.00671,782.85901,0.00374,789.05488,-0.04
789.09501,0.00692,782.8675,0.00302,789.09501,-0.01344
789.13514,0.0072,782.87598,0.00326,789.13514,-0.02531
789.17526,0.00723,782.88447,0.00288,789.17526,-0.02677
789.21539,0.00742,782.89296,0.0033,789.21539,-0.01854
789.25551,0.00729,782.90145,0.0036,789.25551,-0.02109
789.29563,0.00688,782.90994,0.00175,789.29563,-0.00731
789.33576,0.00671,782.91843,0.00114,789.33576,0.00322
789.37588,0.00646,782.92691,0.00173,789.37588,-0.00145
789.416,0.006,782.9354,0.00312,789.416,-0.00985
789.45613,0.00566,782.94389,0.00303,789.45613,-0.01968
789.49625,0.0054,782.95237,0.00334,789.49625,-0.03778
789.53637,0.00521,782.96086,0.00389,789.53637,-0.00761
789.57649,0.00485,782.96934,0.00305,789.57649,-0.03399
789.61661,0.0048,782.97783,0.00413,789.61661,-0.01647
789.65673,0.00474,782.98632,0.00309,789.65673,0.01472
789.69685,0.00468,782.9948,0.00262,789.69685,-0.01885
789.73697,0.0047,783.00328,0.00429,789.73697,-0.01925
789.77709,0.00469,783.01177,0.00419,789.77709,-0.01332
789.81721,0.00457,783.02025,0.00495,789.81721,-0.01973
789.85733,0.00457,783.02874,0.00537,789.85733,-0.02336
789.89745,0.00442,783.03722,0.00462,789.89745,-0.02424
789.93756,0.00456,783.0457,0.0035,789.93756,-0.01415
789.97768,0.00451,783.05419,0.00352,789.97768,-0.00677
790.0178,0.0043,783.06267,0.00417,790.0178,-0.02585
790.05791,0.00412,783.07115,0.00321,790.05791,-0.01378
790.09803,0.00419,783.07963,0.00402,790.09803,-0.01462
790.13815,0.004,783.08811,0.00442,790.13815,-0.03017
790.17826,0.00374,783.09659,0.00407,790.17826,-0.03418
790.21837,0.00342,783.10508,0.0043,790.21837,-0.01589
790.25849,0.00311,783.11356,0.00339,790.25849,-0.00612
790.2986,0.00287,783.12204,0.00368,790.2986,-0.03967
790.33872,0.00289,783.13052,0.00448,790.33872,-0.02278
790.37883,0.00276,783.139,0.00401,790.37883,-0.0321
790.41894,0.00283,783.14747,0.00423,790.41894,-0.02532
790.45905,0.00272,783.15595,0.0036,790.45905,-0.02509
790.49916,0.00293,783.16443,0.00282,790.49916,-0.02716
790.53928,0.00304,783.17291,0.00263,790.53928,-0.05142
790.57939,0.00292,783.18139,0.00344,790.57939,-0.02011
790.6195,0.0028,783.18987,0.00297,790.6195,-0.04079
790.65961,0.00255,783.19834,0.00262,790.65961,-0.05708
790.69972,0.00272,783.20682,0.0048,790.69972,-0.03511
790.73983,0.00261,783.2153,0.00433,790.73983,-0.02318
790.77993,0.00245,783.22377,0.00405,790.77993,-0.0055
790.82004,0.00214,783.23225,0.00394,790.82004,-0.02727
790.86015,0.00198,783.24073,0.00283,790.86015,-0.01231
790.90026,0.00181,783.2492,0.00456,790.90026,-0.01403
790.94036,0.00175,783.25768,0.00444,790.94036,-0.02829
790.98047,0.00161,783.26615,0.00438,790.98047,-0.03012
791.02058,0.00159,783.27463,0.00524,791.02058,-0.03218
791.06068,0.00165,783.2831,0.00454,791.06068,-0.01902
791.10079,0.00193,783.29158,0.00443,791.10079,-0.02825
791.14089,0.00203,783.30005,0.00523,791.14089,-0.02048
791.181,0.00196,783.30852,0.0047,791.181,-0.03396
791.2211,0.00209,783.317,0.00423,791.2211,-0.04893
791.2612,0.00192,783.32547,0.00395,791.2612,-0.04389
791.30131,0.00182,783.33394,0.0037,791.30131,-0.05236
791.34141,0.00178,783.34241,0.00311,791.34141,-0.03758
791.38151,0.00182,783.35089,0.00388,791.38151,-0.05539
791.42161,0.0016,783.35936,0.00457,791.42161,-0.04708
791.46172,0.00127,783.36783,0.00366,791.46172,-0.04147
791.50182,0.00115,783.3763,0.00344,791.50182,-0.05738
791.54192,0.0012,783.38477,0.00443,791.54192,-0.05514
791.58202,0.0011,783.39324,0.0046,791.58202,-0.03328
791.62212,0.00109,783.40171,0.00325,791.62212,-0.04534
791.66222,9.50E-04,783.41018,0.00343,791.66222,-0.05137
791.70232,9.04E-04,783.41865,0.00367,791.70232,-0.05063
791.74241,6.16E-04,783.42712,0.00316,791.74241,-0.03956
791.78251,6.39E-04,783.43559,0.00362,791.78251,-0.06385
791.82261,6.80E-04,783.44406,0.00248,791.82261,-0.05762
791.86271,7.13E-04,783.45253,0.00297,791.86271,-0.02677
791.9028,7.96E-04,783.46099,0.00296,791.9028,-0.05526
791.9429,4.97E-04,783.46946,0.00324,791.9429,-0.04712
791.983,2.87E-04,783.47793,0.0028,791.983,-0.0417
792.02309,4.02E-04,783.4864,0.00232,792.02309,-0.0656
792.06319,3.85E-04,783.49486,0.00151,792.06319,-0.05423
792.10328,2.78E-04,783.50333,0.00197,792.10328,-0.04845
792.14338,2.65E-04,783.51179,0.00267,792.14338,-0.03557
792.18347,1.11E-04,783.52026,0.00213,792.18347,-0.03996
792.22356,2.13E-05,783.52873,0.00267,792.22356,-0.05683
792.26366,2.76E-05,783.53719,0.00177,792.26366,-0.06139
792.30375,1.61E-04,783.54566,0.00196,792.30375,-0.06088
792.34384,-3.19E-05,783.55412,0.00284,792.34384,-0.06393
792.38393,-1.55E-04,783.56258,0.00293,792.38393,-0.04734
792.42402,-2.18E-04,783.57105,0.00203,792.42402,-0.03002
792.46412,-2.57E-04,783.57951,0.00146,792.46412,-0.05164
792.50421,-2.28E-04,783.58798,0.00216,792.50421,-0.05752
792.5443,-3.33E-04,783.59644,0.00205,792.5443,-0.04564
792.58439,-3.68E-04,783.6049,0.00208,792.58439,-0.05893
792.62448,-3.69E-04,783.61336,0.00261,792.62448,-0.0621
792.66456,-5.25E-04,783.62183,0.00277,792.66456,-0.06066
792.70465,-5.83E-04,783.63029,0.0023,792.70465,-0.03239
792.74474,-7.41E-04,783.63875,0.00169,792.74474,-0.0619
792.78483,-8.84E-04,783.64721,0.002,792.78483,-0.04596
792.82491,-9.53E-04,783.65567,0.00273,792.82491,-0.07113
792.865,-0.00103,783.66413,0.0024,792.865,-0.08444
792.90509,-0.0012,783.67259,0.00353,792.90509,-0.08188
792.94517,-0.00131,783.68105,0.00324,792.94517,-0.06721
792.98526,-0.00136,783.68951,0.00291,792.98526,-0.03529
793.02534,-0.00137,783.69797,0.00374,793.02534,-0.06285
793.06543,-0.0014,783.70643,0.0046,793.06543,-0.06895
793.10551,-0.00158,783.71489,0.00438,793.10551,-0.06087
793.1456,-0.00152,783.72335,0.00327,793.1456,-0.08657
793.18568,-0.00154,783.7318,0.00375,793.18568,-0.05567
793.22576,-0.00186,783.74026,0.00334,793.22576,-0.08505
793.26584,-0.0018,783.74872,0.00391,793.26584,-0.06756
793.30593,-0.00188,783.75718,0.00429,793.30593,-0.10989
793.34601,-0.00172,783.76563,0.00364,793.34601,-0.08132
793.38609,-0.00168,783.77409,0.00457,793.38609,-0.0805
793.42617,-0.00177,783.78255,0.00496,793.42617,-0.04187
793.46625,-0.00189,783.791,0.00593,793.46625,-0.04255
793.50633,-0.00185,783.79946,0.00539,793.50633,-0.05349
793.54641,-0.00202,783.80791,0.0048,793.54641,-0.06147
793.58649,-0.00185,783.81637,0.00405,793.58649,-0.06035
793.62657,-0.00192,783.82482,0.00425,793.62657,-0.07606
793.66665,-0.00176,783.83328,0.0052,793.66665,-0.06713
793.70672,-0.00182,783.84173,0.00491,793.70672,-0.05328
793.7468,-0.00171,783.85019,0.00565,793.7468,-0.06301
793.78688,-0.00188,783.85864,0.00577,793.78688,-0.08187
793.82695,-0.00206,783.86709,0.00519,793.82695,-0.05047
793.86703,-0.00183,783.87555,0.00531,793.86703,-0.05035
793.90711,-0.00209,783.884,0.00601,793.90711,-0.07746
793.94718,-0.00224,783.89245,0.00501,793.94718,-0.07223
793.98726,-0.00217,783.9009,0.00558,793.98726,-0.08926
794.02733,-0.00222,783.90935,0.006,794.02733,-0.06382
794.0674,-0.00209,783.9178,0.00527,794.0674,-0.08569
794.10748,-0.00232,783.92626,0.0056,794.10748,-0.05489
794.14755,-0.00235,783.93471,0.00574,794.14755,-0.05212
794.18762,-0.00223,783.94316,0.00548,794.18762,-0.07494
794.22769,-0.00244,783.95161,0.00531,794.22769,-0.0888
794.26777,-0.00249,783.96006,0.00571,794.26777,-0.0619
794.30784,-0.0025,783.96851,0.00521,794.30784,-0.0755
794.34791,-0.00258,783.97696,0.00486,794.34791,-0.08211
794.38798,-0.00261,783.9854,0.00485,794.38798,-0.08323
794.42805,-0.0027,783.99385,0.00445,794.42805,-0.08222
794.46812,-0.00263,784.0023,0.00601,794.46812,-0.08529
794.50819,-0.00282,784.01075,0.00543,794.50819,-0.08436
794.54826,-0.00306,784.0192,0.00605,794.54826,-0.10125
794.58833,-0.00304,784.02764,0.00595,794.58833,-0.07631
794.62839,-0.00307,784.03609,0.00556,794.62839,-0.06761
794.66846,-0.00316,784.04454,0.00547,794.66846,-0.09912
794.70853,-0.00323,784.05298,0.00572,794.70853,-0.09016
794.74859,-0.00332,784.06143,0.00631,794.74859,-0.07818
794.78866,-0.00309,784.06988,0.0056,794.78866,-0.08046
794.82873,-0.00303,784.07832,0.00489,794.82873,-0.07831
794.86879,-0.00334,784.08677,0.00437,794.86879,-0.08167
794.90886,-0.00344,784.09521,0.00468,794.90886,-0.09421
794.94892,-0.00327,784.10366,0.00493,794.94892,-0.08306
794.98898,-0.00333,784.1121,0.00393,794.98898,-0.08024
795.02905,-0.00332,784.12054,0.00493,795.02905,-0.09379
795.06911,-0.00345,784.12899,0.00505,795.06911,-0.09128
795.10917,-0.00345,784.13743,0.0057,795.10917,-0.09499
795.14924,-0.00361,784.14587,0.00592,795.14924,-0.12183
795.1893,-0.00349,784.15432,0.00509,795.1893,-0.08024
795.22936,-0.00346,784.16276,0.00553,795.22936,-0.10226
795.26942,-0.00359,784.1712,0.00505,795.26942,-0.08711
795.30948,-0.00366,784.17964,0.005,795.30948,-0.06532
795.34954,-0.00364,784.18808,0.00555,795.34954,-0.09544
795.3896,-0.00362,784.19653,0.0047,795.3896,-0.09543
795.42966,-0.0038,784.20497,0.00384,795.42966,-0.10097
795.46972,-0.00399,784.21341,0.004,795.46972,-0.0858
795.50978,-0.00402,784.22185,0.00342,795.50978,-0.07606
795.54984,-0.00416,784.23029,0.00345,795.54984,-0.07669
795.58989,-0.00415,784.23873,0.00373,795.58989,-0.07973
795.62995,-0.00401,784.24717,0.00371,795.62995,-0.10017
795.67001,-0.0039,784.2556,0.00283,795.67001,-0.09275
795.71006,-0.00389,784.26404,0.00297,795.71006,-0.09285
795.75012,-0.00395,784.27248,0.00286,795.75012,-0.09396
795.79018,-0.00418,784.28092,0.00198,795.79018,-0.07457
795.83023,-0.00427,784.28936,0.00244,795.83023,-0.09731
795.87028,-0.00425,784.29779,0.0031,795.87028,-0.1007
795.91034,-0.00422,784.30623,0.00277,795.91034,-0.09396
795.95039,-0.00426,784.31467,0.00335,795.95039,-0.10335
795.99045,-0.00417,784.3231,0.00371,795.99045,-0.08415
796.0305,-0.00425,784.33154,0.00357,796.0305,-0.08821
796.07055,-0.0043,784.33998,0.00479,796.07055,-0.08332
796.1106,-0.00439,784.34841,0.00484,796.1106,-0.08109
796.15065,-0.00443,784.35685,0.00335,796.15065,-0.10165
796.19071,-0.00451,784.36528,0.00509,796.19071,-0.10609
796.23076,-0.0044,784.37372,0.0051,796.23076,-0.09179
796.27081,-0.00431,784.38215,0.00428,796.27081,-0.10714
796.31086,-0.00447,784.39059,0.00466,796.31086,-0.12155
796.35091,-0.00483,784.39902,0.00508,796.35091,-0.09343
796.39095,-0.0049,784.40745,0.00558,796.39095,-0.10637
796.431,-0.00492,784.41589,0.00576,796.431,-0.11085
796.47105,-0.00475,784.42432,0.00652,796.47105,-0.10293
796.5111,-0.00468,784.43275,0.00644,796.5111,-0.11064
796.55115,-0.00481,784.44118,0.00647,796.55115,-0.09538
796.59119,-0.00502,784.44962,0.00526,796.59119,-0.08306
796.63124,-0.00486,784.45805,0.00615,796.63124,-0.1076
796.67129,-0.00498,784.46648,0.00608,796.67129,-0.07562
796.71133,-0.00515,784.47491,0.00627,796.71133,-0.07989
796.75138,-0.00516,784.48334,0.00706,796.75138,-0.09174
796.79142,-0.00517,784.49177,0.00608,796.79142,-0.07524
796.83146,-0.00515,784.5002,0.00648,796.83146,-0.08091
796.87151,-0.0051,784.50863,0.00607,796.87151,-0.09707
796.91155,-0.00516,784.51706,0.00779,796.91155,-0.08961
796.95159,-0.00516,784.52549,0.00749,796.95159,-0.071
796.99164,-0.00505,784.53392,0.00691,796.99164,-0.09591
797.03168,-0.00514,784.54235,0.00631,797.03168,-0.10905
797.07172,-0.00513,784.55077,0.00627,797.07172,-0.11512
797.11176,-0.00522,784.5592,0.00641,797.11176,-0.08868
797.1518,-0.00518,784.56763,0.00559,797.1518,-0.09185
797.19184,-0.00531,784.57606,0.00649,797.19184,-0.08162
797.23188,-0.00533,784.58448,0.00622,797.23188,-0.08263
797.27192,-0.0054,784.59291,0.00617,797.27192,-0.09349
797.31196,-0.00558,784.60134,0.00607,797.31196,-0.10614
797.352,-0.0056,784.60976,0.00626,797.352,-0.09897
797.39204,-0.0056,784.61819,0.00625,797.39204,-0.09682
797.43208,-0.00554,784.62661,0.00619,797.43208,-0.08566
797.47211,-0.00563,784.63504,0.00576,797.47211,-0.11279
797.51215,-0.00574,784.64346,0.00649,797.51215,-0.10041
797.55219,-0.00576,784.65189,0.00619,797.55219,-0.11156
797.59222,-0.00576,784.66031,0.00662,797.59222,-0.09676
797.63226,-0.00564,784.66873,0.00718,797.63226,-0.09118
797.67229,-0.00588,784.67716,0.00665,797.67229,-0.11459
797.71233,-0.00588,784.68558,0.00602,797.71233,-0.11857
797.75236,-0.00584,784.694,0.00588,797.75236,-0.09119
797.7924,-0.00607,784.70243,0.00621,797.7924,-0.11523
797.83243,-0.00598,784.71085,0.00648,797.83243,-0.11635
797.87246,-0.00594,784.71927,0.00627,797.87246,-0.1127
797.91249,-0.00602,784.72769,0.00643,797.91249,-0.09958
797.95253,-0.00614,784.73611,0.00623,797.95253,-0.1041
797.99256,-0.00598,784.74453,0.00636,797.99256,-0.14222
798.03259,-0.00617,784.75296,0.00557,798.03259,-0.07843
798.07262,-0.00618,784.76138,0.00574,798.07262,-0.0895
798.11265,-0.00616,784.7698,0.00558,798.11265,-0.11769
798.15268,-0.00614,784.77822,0.00606,798.15268,-0.11312
798.19271,-0.0061,784.78664,0.00564,798.19271,-0.08516
798.23274,-0.00604,784.79505,0.00688,798.23274,-0.11334
798.27277,-0.00606,784.80347,0.00664,798.27277,-0.12117
798.3128,-0.00616,784.81189,0.00648,798.3128,-0.09341
798.35282,-0.00626,784.82031,0.00672,798.35282,-0.11461
798.39285,-0.00627,784.82873,0.00642,798.39285,-0.12474
798.43288,-0.00635,784.83715,0.00747,798.43288,-0.12168
798.4729,-0.00637,784.84556,0.00683,798.4729,-0.11009
798.51293,-0.00642,784.85398,0.00578,798.51293,-0.10469
798.55295,-0.00635,784.8624,0.00502,798.55295,-0.09935
798.59298,-0.00643,784.87081,0.00547,798.59298,-0.09253
798.633,-0.00639,784.87923,0.00544,798.633,-0.11645
798.67303,-0.00629,784.88764,0.00604,798.67303,-0.09833
798.71305,-0.00636,784.89606,0.00627,798.71305,-0.13622
798.75308,-0.00652,784.90448,0.0061,798.75308,-0.09244
798.7931,-0.00667,784.91289,0.0068,798.7931,-0.10099
798.83312,-0.00656,784.9213,0.00671,798.83312,-0.10388
798.87314,-0.00645,784.92972,0.00686,798.87314,-0.10732
798.91316,-0.00642,784.93813,0.00668,798.91316,-0.12857
798.95319,-0.00653,784.94655,0.00638,798.95319,-0.11491
798.99321,-0.00667,784.95496,0.00611,798.99321,-0.11001
799.03323,-0.00685,784.96337,0.00606,799.03323,-0.1132
799.07325,-0.00676,784.97178,0.0053,799.07325,-0.10203
799.11327,-0.00668,784.9802,0.00559,799.11327,-0.10675
799.15329,-0.00668,784.98861,0.00624,799.15329,-0.11573
799.1933,-0.00677,784.99702,0.00686,799.1933,-0.11953
799.23332,-0.00679,785.00543,0.0048,799.23332,-0.09562
799.27334,-0.00675,785.01384,0.00492,799.27334,-0.08968
799.31336,-0.00684,785.02225,0.00589,799.31336,-0.10554
799.35337,-0.007,785.03066,0.00604,799.35337,-0.13227
799.39339,-0.0069,785.03907,0.00504,799.39339,-0.10559
799.43341,-0.00676,785.04748,0.00575,799.43341,-0.12608
799.47342,-0.00687,785.05589,0.00574,799.47342,-0.11846
799.51344,-0.00691,785.0643,0.00572,799.51344,-0.14426
799.55345,-0.00684,785.07271,0.00606,799.55345,-0.11382
799.59346,-0.00699,785.08112,0.00682,799.59346,-0.13616
799.63348,-0.00701,785.08953,0.00676,799.63348,-0.13291
799.67349,-0.00713,785.09794,0.00619,799.67349,-0.13085
799.7135,-0.00714,785.10634,0.00559,799.7135,-0.12674
799.75352,-0.00707,785.11475,0.00624,799.75352,-0.12708
799.79353,-0.00714,785.12316,0.00619,799.79353,-0.12383
799.83354,-0.0071,785.13157,0.00564,799.83354,-0.13826
799.87355,-0.00718,785.13997,0.005,799.87355,-0.10478
799.91356,-0.00719,785.14838,0.00637,799.91356,-0.09947
799.95357,-0.00718,785.15678,0.00606,799.95357,-0.10736
799.99358,-0.00715,785.16519,0.0059,799.99358,-0.1197
800.03359,-0.00717,785.17359,0.00694,800.03359,-0.12341
800.0736,-0.00722,785.182,0.00761,800.0736,-0.14177
800.11361,-0.00737,785.1904,0.00719,800.11361,-0.11745
800.15362,-0.00732,785.19881,0.00808,800.15362,-0.11922
800.19362,-0.00742,785.20721,0.00714,800.19362,-0.12654
800.23363,-0.00745,785.21562,0.00779,800.23363,-0.1541
800.27364,-0.00738,785.22402,0.00757,800.27364,-0.11785
800.31364,-0.00748,785.23242,0.00833,800.31364,-0.12911
800.35365,-0.00733,785.24082,0.00859,800.35365,-0.12486
800.39366,-0.00741,785.24923,0.00967,800.39366,-0.12269
800.43366,-0.00748,785.25763,0.00948,800.43366,-0.12188
800.47366,-0.00752,785.26603,0.01,800.47366,-0.12951
800.51367,-0.00748,785.27443,0.01111,800.51367,-0.1384
800.55367,-0.00746,785.28283,0.01082,800.55367,-0.12067
800.59368,-0.00746,785.29123,0.01132,800.59368,-0.13655
800.63368,-0.00755,785.29963,0.01301,800.63368,-0.1443
800.67368,-0.00751,785.30804,0.01225,800.67368,-0.13484
800.71368,-0.00748,785.31644,0.01317,800.71368,-0.1315
800.75368,-0.00755,785.32483,0.01408,800.75368,-0.11174
800.79368,-0.00757,785.33323,0.01679,800.79368,-0.09098
800.83368,-0.00772,785.34163,0.01761,800.83368,-0.11666
800.87368,-0.0077,785.35003,0.02116,800.87368,-0.11741
800.91368,-0.00784,785.35843,0.02446,800.91368,-0.11056
800.95368,-0.00796,785.36683,0.02961,800.95368,-0.13047
800.99368,-0.00786,785.37523,0.03672,800.99368,-0.12968
801.03368,-0.00797,785.38362,0.04617,801.03368,-0.12259
801.07368,-0.00783,785.39202,0.06075,801.07368,-0.12129
801.11368,-0.00784,785.40042,0.07976,801.11368,-0.15535
801.15367,-0.00799,785.40881,0.10243,801.15367,-0.16046
801.19367,-0.00792,785.41721,0.12906,801.19367,-0.12202
801.23367,-0.00783,785.42561,0.15514,801.23367,-0.13824
801.27366,-0.00768,785.434,0.17994,801.27366,-0.14045
801.31366,-0.00796,785.4424,0.19849,801.31366,-0.12075
801.35365,-0.00806,785.45079,0.20885,801.35365,-0.12017
801.39365,-0.00803,785.45919,0.2082,801.39365,-0.11689
801.43364,-0.00802,785.46758,0.19614,801.43364,-0.10564
801.47363,-0.00819,785.47597,0.17759,801.47363,-0.12071
801.51363,-0.0082,785.48437,0.15686,801.51363,-0.12449
801.55362,-0.00811,785.49276,0.13202,801.55362,-0.10795
801.59361,-0.00809,785.50115,0.10912,801.59361,-0.12214
801.6336,-0.00815,785.50955,0.08959,801.6336,-0.1214
801.67359,-0.00825,785.51794,0.07447,801.67359,-0.14478
801.71358,-0.00841,785.52633,0.06324,801.71358,-0.11644
801.75357,-0.00822,785.53472,0.05323,801.75357,-0.10887
801.79356,-0.00806,785.54311,0.04587,801.79356,-0.15126
801.83355,-0.00805,785.55151,0.0414,801.83355,-0.11706
801.87354,-0.00821,785.5599,0.03516,801.87354,-0.12326
801.91353,-0.00817,785.56829,0.03106,801.91353,-0.15062
801.95352,-0.00829,785.57668,0.02831,801.95352,-0.11101
801.99351,-0.00816,785.58507,0.0247,801.99351,-0.11478
802.03349,-0.00812,785.59346,0.02206,802.03349,-0.11922
802.07348,-0.00817,785.60185,0.01973,802.07348,-0.11601
802.11347,-0.00834,785.61023,0.01869,802.11347,-0.13146
802.15345,-0.00827,785.61862,0.01822,802.15345,-0.14813
802.19344,-0.00832,785.62701,0.01551,802.19344,-0.1054
802.23342,-0.00825,785.6354,0.01434,802.23342,-0.11542
802.27341,-0.00823,785.64379,0.01335,802.27341,-0.13059
802.31339,-0.00831,785.65217,0.01268,802.31339,-0.12704
802.35338,-0.0084,785.66056,0.01183,802.35338,-0.11074
802.39336,-0.00846,785.66895,0.01082,802.39336,-0.12704
802.43334,-0.00843,785.67734,0.01152,802.43334,-0.13083
802.47332,-0.00834,785.68572,0.0106,802.47332,-0.1406
802.51331,-0.00827,785.69411,0.01033,802.51331,-0.13697
802.55329,-0.00847,785.70249,0.01039,802.55329,-0.12353
802.59327,-0.00846,785.71088,0.00914,802.59327,-0.11818
802.63325,-0.00852,785.71926,0.00846,802.63325,-0.13913
802.67323,-0.00862,785.72765,0.00806,802.67323,-0.15726
802.71321,-0.00866,785.73603,0.0083,802.71321,-0.14319
802.75319,-0.00857,785.74442,0.00717,802.75319,-0.15341
802.79317,-0.00858,785.7528,0.0085,802.79317,-0.12909
802.83315,-0.00844,785.76118,0.00869,802.83315,-0.13592
802.87312,-0.00851,785.76957,0.00845,802.87312,-0.14351
802.9131,-0.00858,785.77795,0.00811,802.9131,-0.14716
802.95308,-0.00862,785.78633,0.00722,802.95308,-0.14675
802.99305,-0.00869,785.79471,0.00822,802.99305,-0.14746
803.03303,-0.00883,785.8031,0.00802,803.03303,-0.15256
803.07301,-0.00877,785.81148,0.00714,803.07301,-0.16051
803.11298,-0.00864,785.81986,0.00594,803.11298,-0.1512
803.15296,-0.00879,785.82824,0.00719,803.15296,-0.13281
803.19293,-0.00869,785.83662,0.00715,803.19293,-0.15214
803.2329,-0.00872,785.845,0.00738,803.2329,-0.13586
803.27288,-0.00878,785.85338,0.00721,803.27288,-0.1277
803.31285,-0.0089,785.86176,0.00792,803.31285,-0.14406
803.35282,-0.00885,785.87014,0.00719,803.35282,-0.1478
803.3928,-0.00879,785.87852,0.00772,803.3928,-0.12325
803.43277,-0.00901,785.8869,0.00747,803.43277,-0.15104
803.47274,-0.00897,785.89527,0.00759,803.47274,-0.155
803.51271,-0.00893,785.90365,0.00733,803.51271,-0.15851
803.55268,-0.009,785.91203,0.00649,803.55268,-0.14685
803.59265,-0.00884,785.92041,0.00634,803.59265,-0.14653
803.63262,-0.00887,785.92878,0.00709,803.63262,-0.16956
803.67259,-0.00896,785.93716,0.00513,803.67259,-0.14962
803.71256,-0.00904,785.94554,0.00653,803.71256,-0.1538
803.75252,-0.009,785.95391,0.00632,803.75252,-0.14029
803.79249,-0.00897,785.96229,0.00562,803.79249,-0.16544
803.83246,-0.00892,785.97067,0.00582,803.83246,-0.14444
803.87243,-0.00904,785.97904,0.00381,803.87243,-0.14549
803.91239,-0.00905,785.98742,0.00435,803.91239,-0.15253
803.95236,-0.00901,785.99579,0.00535,803.95236,-0.13703
803.99232,-0.00902,786.00416,0.00539,803.99232,-0.15086
804.03229,-0.0088,786.01254,0.00462,804.03229,-0.14996
804.07225,-0.00893,786.02091,0.00438,804.07225,-0.13239
804.11222,-0.00905,786.02929,0.00505,804.11222,-0.14934
804.15218,-0.00909,786.03766,0.00499,804.15218,-0.11637
804.19214,-0.00915,786.04603,0.00441,804.19214,-0.14146
804.23211,-0.00918,786.0544,0.00394,804.23211,-0.13171
804.27207,-0.00911,786.06278,0.00383,804.27207,-0.13052
804.31203,-0.00917,786.07115,0.00415,804.31203,-0.13769
804.35199,-0.0092,786.07952,0.00261,804.35199,-0.12537
804.39195,-0.00916,786.08789,0.00199,804.39195,-0.14746
804.43191,-0.00921,786.09626,0.00212,804.43191,-0.13866
804.47187,-0.00916,786.10463,0.00309,804.47187,-0.1402
804.51183,-0.0092,786.113,0.00237,804.51183,-0.13626
804.55179,-0.00924,786.12137,0.00235,804.55179,-0.16001
804.59175,-0.00927,786.12974,0.00247,804.59175,-0.1644
804.63171,-0.00916,786.13811,0.00204,804.63171,-0.13997
804.67167,-0.00931,786.14648,0.00313,804.67167,-0.12984
804.71162,-0.00941,786.15485,0.00311,804.71162,-0.11861
804.75158,-0.00933,786.16322,0.00217,804.75158,-0.1511
804.79154,-0.00928,786.17159,0.00148,804.79154,-0.13654
804.83149,-0.00935,786.17995,0.0021,804.83149,-0.12479
804.87145,-0.00938,786.18832,0.00171,804.87145,-0.14453
804.9114,-0.00933,786.19669,0.00147,804.9114,-0.14331
804.95136,-0.00953,786.20505,0.00232,804.95136,-0.13241
804.99131,-0.00934,786.21342,0.00346,804.99131,-0.12975
805.03127,-0.00943,786.22179,0.00312,805.03127,-0.12082
805.07122,-0.00938,786.23015,0.00291,805.07122,-0.13037
805.11117,-0.0093,786.23852,0.00137,805.11117,-0.11054
805.15113,-0.00941,786.24688,0.00133,805.15113,-0.1328
805.19108,-0.00948,786.25525,0.00202,805.19108,-0.10457
805.23103,-0.00943,786.26361,0.00298,805.23103,-0.0894
805.27098,-0.00947,786.27198,0.00234,805.27098,-0.11474
805.31093,-0.00954,786.28034,0.00198,805.31093,-0.09408
805.35088,-0.00955,786.28871,0.00232,805.35088,-0.11497
805.39083,-0.00957,786.29707,0.00137,805.39083,-0.11635
805.43078,-0.00953,786.30543,0.00214,805.43078,-0.11943
805.47073,-0.00953,786.31379,0.0026,805.47073,-0.1104
805.51068,-0.00958,786.32216,0.0025,805.51068,-0.12571
